code,name,n_items,n_complete,complete_langs,ar,da,de,el,es,es_mx,et,fr,fr_be,he,hr,hu,hy,id,is,it,ja,ko,mk,nl,pt,ru,sl,sr,sv,tr
IPIP-HPIHIC-Hap,IPIP HPI-HIC: Happiness,1,20,"ar,de,el,es,et,fr,fr_be,he,hr,id,ja,ko,mk,nl,pt,ru,sl,sr,sv,tr",1,0,1,1,1,0,1,1,1,1,1,0,0,1,0,0,1,1,1,1,1,1,1,1,1,1
IPIP-Big5-50,IPIP Big Five 50-Item Personality Markers,50,13,"de,el,es,fr,fr_be,hr,id,pt,ru,sl,sr,sv,tr",38,14,50,50,50,14,28,50,50,28,50,6,14,50,25,14,34,28,21,26,50,50,50,50,50,50
IPIP-NEO-120,IPIP-NEO-120 Personality Inventory,120,12,"da,es_mx,et,fr,fr_be,he,hr,hy,it,ko,sr,sv",20,120,26,14,14,120,120,120,120,120,120,7,120,14,34,120,113,120,100,110,26,14,26,120,120,116
IPIP-HPI-Hap,IPIP HPI: Happiness,4,11,"et,fr,fr_be,he,hr,ja,ko,mk,sr,sv,tr",1,1,1,1,1,1,4,4,4,4,4,1,1,1,1,1,4,4,4,1,1,1,1,4,4,4
IPIP-HPIHIC-Exh,IPIP HPI-HIC: Exhibitionism,3,11,"et,fr,fr_be,he,hr,ja,ko,mk,sr,sv,tr",0,0,0,0,0,0,3,3,3,3,3,0,0,0,0,0,3,3,3,0,0,0,0,3,3,3
IPIP-HPIHIC-Ldr,IPIP HPI-HIC: Leadership,1,11,"et,fr,fr_be,he,hr,ja,ko,mk,sr,sv,tr",0,0,0,0,0,0,1,1,1,1,1,0,0,0,0,0,1,1,1,0,0,0,0,1,1,1
IPIP-HPIHIC-Trs,IPIP HPI-HIC: Trust,6,11,"et,fr,fr_be,he,hr,ja,ko,mk,sr,sv,tr",0,3,0,0,0,3,6,6,6,6,6,0,3,0,1,3,6,6,6,3,0,0,0,6,6,6
IPIP-HPIHIC-Aes,IPIP HPI-HIC: Aesthetic Appreciation/Artistic Interests,2,10,"et,fr,fr_be,he,hr,ja,ko,sr,sv,tr",0,1,0,0,0,1,2,2,2,2,2,0,1,0,0,1,2,2,1,1,0,0,0,2,2,2
IPIP-TCI-HA1,IPIP TCI: Neuroticism,1,10,"et,fr,fr_be,he,hr,ja,ko,sr,sv,tr",0,0,0,0,0,0,1,1,1,1,1,0,0,0,0,0,1,1,0,0,0,0,0,1,1,1
IPIP-CPI-Lib,IPIP CPI: Liberalism,9,9,"et,fr,fr_be,he,hr,ko,sr,sv,tr",0,4,0,0,0,4,9,9,9,9,9,1,4,0,2,4,8,9,6,4,0,0,0,9,9,9
IPIP-HPIHIC-Org,IPIP HPI-HIC: Organization,2,9,"de,fr,fr_be,hr,pt,sl,sr,sv,tr",1,0,2,0,0,0,1,2,2,1,2,0,0,0,1,0,1,1,0,0,2,0,2,2,2,2
IPIP-MPQ-SR,IPIP MPQ: Neuroticism,6,9,"et,fr,fr_be,he,hr,ko,sr,sv,tr",3,2,5,3,3,2,6,6,6,6,6,0,2,3,3,2,5,6,5,4,5,3,5,6,6,6
IPIP-JPI-Inv,IPIP JPI: Ingenuity,3,8,"de,hr,is,pt,sl,sr,sv,tr",2,1,3,1,1,1,1,2,2,1,3,0,1,1,3,1,1,1,1,1,3,1,3,3,3,3
IPIP-7FACTOR-INT,IPIP 7-Factor: Intellect,9,7,"de,hr,pt,sl,sr,sv,tr",3,1,9,5,5,1,4,8,8,4,9,1,1,5,6,1,5,4,3,2,9,5,9,9,9,9
IPIP-Big5-100,IPIP Big Five (20 items per domain),100,7,"de,hr,pt,sl,sr,sv,tr",51,26,100,50,50,26,53,82,82,54,100,9,26,50,46,26,65,54,40,37,100,50,100,100,100,100
IPIP-JPI-Axy,IPIP JPI: Anxiety,6,7,"fr,fr_be,hr,ja,sr,sv,tr",3,1,5,4,4,1,5,6,6,5,6,2,1,4,3,1,6,5,4,4,5,4,5,6,6,6
IPIP-NEO,IPIP-NEO Personality Inventory,300,7,"fr,fr_be,he,hr,ko,sr,sv",31,120,54,28,28,120,297,300,300,300,300,14,120,28,69,120,278,300,230,120,54,28,54,300,300,285
IPIP-NEO5-20-Extraversion,IPIP NEO5-20: Extraversion,6,7,"fr,fr_be,hr,ja,sr,sv,tr",0,2,1,0,0,2,5,6,6,5,6,0,2,0,2,2,6,5,5,2,1,0,1,6,6,6
IPIP-NEO5-20-Neuroticism,IPIP NEO5-20: Neuroticism,8,7,"fr,fr_be,hr,ja,sr,sv,tr",1,5,2,1,1,5,7,8,8,7,8,1,5,1,3,5,8,7,5,5,2,1,2,8,8,8
IPIP-NEO5-20-Openness-To-Experience,IPIP NEO5-20: Openness To Experience,20,7,"fr,fr_be,hr,ja,sr,sv,tr",2,10,5,4,4,10,15,20,20,15,20,2,10,4,6,10,20,15,12,10,5,4,5,20,20,20
IPIP-6FPQ-EX1,IPIP 6FPQ: Gregariousness,10,6,"fr,fr_be,hr,sr,sv,tr",4,5,6,3,3,5,8,10,10,8,10,1,5,3,5,5,9,8,7,5,6,3,6,10,10,10
IPIP-6FPQ-IT1,IPIP 6FPQ: Achievement-striving,10,6,"fr,fr_be,hr,sr,sv,tr",0,4,2,1,1,4,7,10,10,7,10,0,4,1,2,4,7,7,6,3,2,1,2,10,10,10
IPIP-6FPQ-OP,IPIP 6FPQ: Intellectual Openness,10,6,"fr,fr_be,hr,sr,sv,tr",0,3,3,1,1,3,5,10,10,5,10,1,3,1,2,3,7,5,2,4,3,1,3,10,10,10
IPIP-7FACTOR-ES,IPIP 7-Factor: Emotional Stability,4,6,"fr,fr_be,hr,sr,sv,tr",1,2,2,1,1,2,3,4,4,3,4,0,2,1,2,2,3,3,2,2,2,1,2,4,4,4
IPIP-AB5C-Stb,IPIP AB5C: Stability,10,6,"fr,fr_be,hr,sr,sv,tr",4,1,7,4,4,1,6,10,10,6,10,0,1,4,3,1,7,6,5,2,7,4,7,10,10,10
IPIP-CPI-Itn,IPIP CPI: Introversion,10,6,"fr,fr_be,hr,sr,sv,tr",3,1,6,5,5,1,6,10,10,6,10,0,1,5,5,1,7,6,5,4,6,5,6,10,10,10
IPIP-HPI-Stb,IPIP HPI: Stability,6,6,"fr,fr_be,hr,sr,sv,tr",1,1,3,2,2,1,5,6,6,5,6,1,1,2,1,1,5,5,3,3,3,2,3,6,6,6
IPIP-HPIHIC-Coo,IPIP HPI-HIC: Cool-headedness,6,6,"fr,fr_be,hr,sr,sv,tr",1,3,2,0,0,3,5,6,6,5,6,0,3,0,3,3,5,5,4,3,2,0,2,6,6,6
IPIP-HPIHIC-Int,IPIP HPI-HIC: Intellect,2,6,"fr,fr_be,hr,sr,sv,tr",0,0,0,0,0,0,0,2,2,0,2,0,0,0,0,0,0,0,0,0,0,0,0,2,2,2
IPIP-HPIHIC-Ipc,IPIP HPI-HIC: Impulse-Control,6,6,"fr,fr_be,hr,sr,sv,tr",0,1,0,0,0,1,5,6,6,5,6,0,1,0,0,1,5,5,2,1,0,0,0,6,6,6
IPIP-HPIHIC-Rsk,IPIP HPI-HIC: Risk-taking/Sensation-Seeking/Thrill-Seeking,3,6,"fr,fr_be,hr,sr,sv,tr",0,1,0,0,0,1,2,3,3,2,3,0,1,0,0,1,2,2,2,1,0,0,0,3,3,3
IPIP-HPIHIC-Sdi,IPIP HPI-HIC: Self-discipline,3,6,"fr,fr_be,hr,sr,sv,tr",1,1,1,1,1,1,1,3,3,1,3,1,1,1,0,1,1,1,0,1,1,1,1,3,3,3
IPIP-HPIHIC-Vit,IPIP HPI-HIC: Vitality/Enthusiasm/Zest,6,6,"fr,fr_be,hr,sr,sv,tr",0,1,0,0,0,1,3,6,6,3,6,0,1,0,0,1,2,3,3,0,0,0,0,6,6,6
IPIP-Hope,IPIP Hope Scale,9,6,"fr,fr_be,hr,sr,sv,tr",1,4,2,2,2,4,7,9,9,7,9,2,4,2,1,4,7,7,5,5,2,2,2,9,9,9
IPIP-JPI-Org,IPIP JPI: Organization,4,6,"fr,fr_be,hr,sr,sv,tr",3,1,3,1,1,1,1,4,4,1,4,1,1,1,1,1,2,1,1,1,3,1,3,4,4,4
IPIP-MPQ-TR,IPIP MPQ: Conservatism,10,6,"fr,fr_be,hr,sr,sv,tr",0,5,0,0,0,5,9,10,10,9,10,1,5,0,1,5,8,9,5,5,0,0,0,10,10,10
IPIP-TCI-HA3,IPIP TCI: Social-discomfort,10,6,"fr,fr_be,hr,sr,sv,tr",4,5,5,3,3,5,8,10,10,8,10,1,5,3,3,5,8,8,5,3,5,3,5,10,10,10
IPIP-TCI-NS1,IPIP TCI: Variety-seeking,7,6,"fr,fr_be,hr,sr,sv,tr",1,2,1,0,0,2,4,7,7,4,7,0,2,0,1,2,5,4,0,2,1,0,1,7,7,7
IPIP-AB5C-Hap,IPIP AB5C: Happiness,10,5,"hr,ja,sr,sv,tr",2,5,4,3,3,5,8,9,9,8,10,2,5,3,2,5,10,8,6,6,4,3,4,10,10,10
IPIP-CPI-Sec,IPIP CPI: Security,10,5,"hr,ja,sr,sv,tr",1,6,2,2,2,6,8,9,9,8,10,2,6,2,2,6,10,8,5,7,2,2,2,10,10,10
IPIP-NEO5-20-Agreeableness,IPIP NEO5-20: Agreeableness,12,5,"hr,ja,sr,sv,tr",0,3,0,0,0,3,7,7,7,7,12,2,3,0,3,3,12,7,7,3,0,0,0,12,12,12
IPIP-6FPQ-AG,IPIP 6FPQ: Agreeableness,10,4,"hr,sr,sv,tr",0,1,0,0,0,1,2,3,3,2,10,0,1,0,6,1,3,2,2,1,0,0,0,10,10,10
IPIP-6FPQ-AG2,IPIP 6FPQ: Calmness,10,4,"hr,sr,sv,tr",3,4,5,2,2,4,8,9,9,8,10,1,4,2,7,4,9,8,7,5,5,2,5,10,10,10
IPIP-6FPQ-EX,IPIP 6FPQ: Extraversion,10,4,"hr,sr,sv,tr",2,1,3,1,1,1,3,4,4,3,10,0,1,1,3,1,5,3,3,1,3,1,3,10,10,10
IPIP-6FPQ-ME,IPIP 6FPQ: Methodicalness,10,4,"hr,sr,sv,tr",4,1,5,5,5,1,4,9,9,4,10,1,1,5,5,1,9,4,3,3,5,5,5,10,10,10
IPIP-6FPQ-OP2,IPIP 6FPQ: Comprehension,10,4,"hr,sr,sv,tr",2,2,3,1,1,2,4,4,4,4,10,0,2,1,4,2,4,4,3,2,3,1,3,10,10,10
IPIP-6FPQ-OP3,IPIP 6FPQ: Culture,10,4,"hr,sr,sv,tr",0,3,0,0,0,3,6,9,9,7,10,1,3,0,4,3,8,7,6,3,0,0,0,10,10,10
IPIP-7FACTOR-CON,IPIP 7-Factor: Conscientiousness,10,4,"hr,sr,sv,tr",1,3,3,2,2,3,7,9,9,7,10,0,3,2,4,3,7,7,6,4,3,2,3,10,10,10
IPIP-AB5C-Clm,IPIP AB5C: Calmness,5,4,"hr,sr,sv,tr",0,0,0,0,0,0,1,3,3,1,5,0,0,0,2,0,2,1,0,0,0,0,0,5,5,5
IPIP-AB5C-Eff,IPIP AB5C: Efficiency,11,4,"hr,sr,sv,tr",4,2,5,2,2,2,6,8,8,6,11,1,2,2,3,2,10,6,6,2,5,2,5,11,11,11
IPIP-AB5C-Frl,IPIP AB5C: Friendliness,9,4,"hr,sr,sv,tr",0,3,2,0,0,3,6,6,6,6,9,0,3,0,2,3,6,6,5,3,2,0,2,9,9,9
IPIP-AB5C-Grg,IPIP AB5C: Gregariousness,6,4,"hr,sr,sv,tr",3,0,5,4,4,0,2,4,4,2,6,0,0,4,4,0,2,2,2,2,5,4,5,6,6,6
IPIP-AB5C-Img,IPIP AB5C: Imagination,7,4,"hr,sr,sv,tr",1,5,1,1,1,5,6,6,6,6,7,1,5,1,4,5,6,6,5,5,1,1,1,7,7,7
IPIP-AB5C-Int,IPIP AB5C: Intellect,5,4,"hr,sr,sv,tr",0,0,1,1,1,0,1,3,3,2,5,0,0,1,0,0,2,2,2,0,1,1,1,5,5,5
IPIP-AB5C-Poi,IPIP AB5C: Poise,10,4,"hr,sr,sv,tr",2,5,3,1,1,5,8,9,9,8,10,2,5,1,3,5,9,8,7,4,3,1,3,10,10,10
IPIP-AB5C-Wrm,IPIP AB5C: Warmth,6,4,"hr,sr,sv,tr",2,0,3,1,1,0,1,2,2,1,6,0,0,1,0,0,0,1,1,0,3,1,3,6,6,6
IPIP-CPI-Ami,IPIP CPI: Amiability,10,4,"hr,sr,sv,tr",1,2,3,0,0,2,7,9,9,7,10,1,2,0,4,2,7,7,5,2,3,0,3,10,10,10
IPIP-CPI-Dis,IPIP CPI: Disorderliness,10,4,"hr,sr,sv,tr",3,2,5,2,2,2,7,8,9,7,10,0,2,2,7,2,6,7,6,3,5,2,5,10,10,10
IPIP-CPI-Dut,IPIP CPI: Dutifulness,7,4,"hr,sr,sv,tr",1,0,2,0,0,0,2,5,5,2,7,0,0,0,3,0,3,2,1,0,2,0,2,7,7,7
IPIP-CPI-Frc,IPIP CPI: Forcefulness,10,4,"hr,sr,sv,tr",0,0,0,0,0,0,6,8,8,6,10,1,0,0,0,0,6,6,6,0,0,0,0,10,10,10
IPIP-CPI-Hap,IPIP CPI: Happiness,9,4,"hr,sr,sv,tr",0,3,1,0,0,3,4,7,7,4,9,0,3,0,0,3,4,4,3,3,1,0,1,9,9,9
IPIP-CPI-Hop,IPIP CPI: Hope/Optimism,10,4,"hr,sr,sv,tr",0,1,3,0,0,1,5,6,6,5,10,0,1,0,0,1,5,5,5,1,3,0,3,10,10,10
IPIP-CPI-Ie,IPIP CPI: Comprehension,5,4,"hr,sr,sv,tr",0,0,0,0,0,0,2,3,3,2,5,0,0,0,0,0,1,2,2,0,0,0,0,5,5,5
IPIP-CPI-Po,IPIP CPI: Poise,10,4,"hr,sr,sv,tr",1,4,3,1,1,4,6,9,9,6,10,0,4,1,4,4,6,6,6,3,3,1,3,10,10,10
IPIP-CPI-Sy,IPIP CPI: Sociability,10,4,"hr,sr,sv,tr",5,4,7,4,4,4,7,9,9,7,10,2,4,4,4,4,9,7,3,3,7,4,7,10,10,10
IPIP-Foa1998,IPIP Foa Interpersonal Scales (1998),20,4,"hr,sr,sv,tr",4,7,7,4,4,7,13,16,17,13,20,1,7,4,10,7,14,13,12,9,7,4,7,20,20,20
IPIP-HPI-Clm,IPIP HPI: Calmness,7,4,"hr,sr,sv,tr",0,0,1,0,0,0,3,4,4,3,7,1,0,0,4,0,3,3,3,0,1,0,1,7,7,7
IPIP-HPI-Cmp,IPIP HPI: Competence,9,4,"hr,sr,sv,tr",0,3,0,0,0,3,4,8,8,4,9,0,3,0,3,3,5,4,3,3,0,0,0,9,9,9
IPIP-HPI-Crt,IPIP HPI: Creativity/Originality,5,4,"hr,sr,sv,tr",1,1,4,1,1,1,3,4,4,3,5,1,1,1,3,1,3,3,3,2,4,1,4,5,5,5
IPIP-HPI-Dut,IPIP HPI: Dutifulness,4,4,"hr,sr,sv,tr",0,1,0,0,0,1,2,2,2,2,4,0,1,0,1,1,2,2,1,1,0,0,0,4,4,4
IPIP-HPI-Frl,IPIP HPI: Friendliness,5,4,"hr,sr,sv,tr",2,0,3,2,2,0,3,4,4,3,5,0,0,2,0,0,3,3,2,1,3,2,3,5,5,5
IPIP-HPI-Grg,IPIP HPI: Gregariousness,5,4,"hr,sr,sv,tr",1,0,3,2,2,0,2,3,3,2,5,1,0,2,2,0,4,2,1,0,3,2,3,5,5,5
IPIP-HPI-Ldr,IPIP HPI: Leadership,6,4,"hr,sr,sv,tr",1,2,1,0,0,2,4,5,5,4,6,0,2,0,1,2,4,4,3,1,1,0,1,6,6,6
IPIP-HPI-Qck,IPIP HPI: Quickness,7,4,"hr,sr,sv,tr",2,0,2,2,2,0,1,4,4,1,7,0,0,2,1,0,1,1,0,0,2,2,2,7,7,7
IPIP-HPI-Soc,IPIP HPI: Sociability,8,4,"hr,sr,sv,tr",0,2,0,0,0,2,6,7,7,6,8,0,2,0,1,2,6,6,4,2,0,0,0,8,8,8
IPIP-HPIHIC-Clm,IPIP HPI-HIC: Calmness,10,4,"hr,sr,sv,tr",3,4,6,2,2,4,9,9,9,9,10,0,4,2,5,4,8,9,9,4,6,2,6,10,10,10
IPIP-HPIHIC-Dut,IPIP HPI-HIC: Dutifulness,4,4,"hr,sr,sv,tr",0,0,0,0,0,0,1,3,3,1,4,0,0,0,0,0,1,1,1,0,0,0,0,4,4,4
IPIP-HPIHIC-Grg,IPIP HPI-HIC: Gregariousness,3,4,"hr,sr,sv,tr",0,1,0,0,0,1,2,2,2,2,3,0,1,0,0,1,2,2,2,1,0,0,0,3,3,3
IPIP-HPIHIC-Isp,IPIP HPI-HIC: Introspection/Private Self-Consciousness,3,4,"hr,sr,sv,tr",0,0,0,0,0,0,1,2,2,2,3,0,0,0,0,0,2,2,1,0,0,0,0,3,3,3
IPIP-HPIHIC-Lng,IPIP HPI-HIC: Language Mastery,5,4,"hr,sr,sv,tr",1,0,3,2,2,0,2,3,3,2,5,0,0,2,1,0,2,2,0,0,3,2,3,5,5,5
IPIP-HPIHIC-Sac,IPIP HPI-HIC: Self-acceptance,6,4,"hr,sr,sv,tr",0,2,0,0,0,2,4,4,4,4,6,0,2,0,1,2,3,4,3,2,0,0,0,6,6,6
IPIP-HPIHIC-Scf,IPIP HPI-HIC: Self-confidence,6,4,"hr,sr,sv,tr",0,1,1,0,0,1,4,5,5,4,6,0,1,0,0,1,5,4,3,1,1,0,1,6,6,6
IPIP-HPIHIC-Scn,IPIP HPI-HIC: Social-confidence,6,4,"hr,sr,sv,tr",1,2,2,0,0,2,3,4,4,3,6,0,2,0,1,2,4,3,3,1,2,0,2,6,6,6
IPIP-HPIHIC-Sec,IPIP HPI-HIC: Security,6,4,"hr,sr,sv,tr",0,2,0,0,0,2,2,4,4,2,6,0,2,0,1,2,2,2,2,2,0,0,0,6,6,6
IPIP-HPIHIC-Var,IPIP HPI-HIC: Variety-seeking,6,4,"hr,sr,sv,tr",0,2,0,0,0,2,4,4,4,4,6,0,2,0,0,2,4,4,1,2,0,0,0,6,6,6
IPIP-JPI-Bdi,IPIP JPI: Intellectual-Breadth,10,4,"hr,sr,sv,tr",1,3,2,0,0,3,7,8,8,7,10,0,3,0,5,3,7,7,5,3,2,0,2,10,10,10
IPIP-JPI-Enl,IPIP JPI: Activity-Level,10,4,"hr,sr,sv,tr",0,3,0,0,0,3,5,8,8,5,10,0,3,0,2,3,5,5,5,3,0,0,0,10,10,10
IPIP-JPI-Rkt,IPIP JPI: Risk-taking/Sensation-Seeking/Thrill-Seeking,5,4,"hr,sr,sv,tr",0,0,0,0,0,0,4,4,4,4,5,0,0,0,0,0,4,4,2,0,0,0,0,5,5,5
IPIP-JPI-Scf,IPIP JPI: Social-confidence,9,4,"hr,sr,sv,tr",2,1,5,4,4,1,4,6,6,4,9,2,1,4,6,1,3,4,3,1,5,4,5,9,9,9
IPIP-JPI-Soc,IPIP JPI: Sociability,5,4,"hr,sr,sv,tr",1,1,2,1,1,1,2,3,3,2,5,0,1,1,0,1,2,2,2,1,2,1,2,5,5,5
IPIP-MPQ-AB,IPIP MPQ: Imagination,3,4,"hr,sr,sv,tr",0,1,0,0,0,1,1,2,2,1,3,0,1,0,1,1,1,1,1,1,0,0,0,3,3,3
IPIP-MPQ-AG,IPIP MPQ: Belligerence,10,4,"hr,sr,sv,tr",0,2,2,0,0,2,7,7,7,7,10,2,2,0,8,2,7,7,6,2,2,0,2,10,10,10
IPIP-MPQ-AL,IPIP MPQ: Distrust,5,4,"hr,sr,sv,tr",0,1,0,0,0,1,2,4,4,2,5,0,1,0,0,1,2,2,1,1,0,0,0,5,5,5
IPIP-MPQ-HA,IPIP MPQ: Risk-avoidance,10,4,"hr,sr,sv,tr",0,2,0,0,0,2,6,7,7,6,10,0,2,0,0,2,6,6,5,2,0,0,0,10,10,10
IPIP-MPQ-SP,IPIP MPQ: Assertiveness,6,4,"hr,sr,sv,tr",2,0,3,3,3,0,3,4,4,3,6,1,0,3,4,0,2,3,2,1,3,3,3,6,6,6
IPIP-MPQ-WB,IPIP MPQ: Joyfulness,10,4,"hr,sr,sv,tr",1,4,1,1,1,4,7,9,9,7,10,1,4,1,2,4,7,7,6,4,1,1,1,10,10,10
IPIP-NEO5-20,IPIP NEO5-20,56,4,"hr,sr,sv,tr",3,23,8,5,5,23,38,46,46,38,56,5,23,5,16,23,54,38,32,23,8,5,8,56,56,56
IPIP-NEO5-20-Conscientiousness,IPIP NEO5-20: Conscientiousness,10,4,"hr,sr,sv,tr",0,3,0,0,0,3,4,5,5,4,10,0,3,0,2,3,8,4,3,3,0,0,0,10,10,10
IPIP-NFC,IPIP Need for Cognition Scale,10,4,"hr,sr,sv,tr",3,3,7,2,2,3,6,9,9,6,10,0,3,2,4,3,6,6,5,3,7,2,7,10,10,10
IPIP-Optimism,IPIP Optimism Scale,10,4,"hr,sr,sv,tr",1,4,2,2,2,4,7,9,9,7,10,2,4,2,1,4,7,7,5,5,2,2,2,10,10,10
IPIP-TCI-HA2,IPIP TCI: Harm-Avoidance,10,4,"hr,sr,sv,tr",0,1,0,0,0,1,4,5,5,4,10,0,1,0,0,1,4,4,3,1,0,0,0,10,10,10
IPIP-TCI-P2,IPIP TCI: Competence,7,4,"hr,sr,sv,tr",0,0,0,0,0,0,1,1,1,1,7,1,0,0,0,0,1,1,1,0,0,0,0,7,7,7
IPIP-TCI-RD1,IPIP TCI: Sentimentality,4,4,"hr,sr,sv,tr",0,1,2,1,1,1,1,2,2,1,4,0,1,1,0,1,1,1,1,1,2,1,2,4,4,4
IPIP-TCI-RD2,IPIP TCI: Friendliness,2,4,"hr,sr,sv,tr",0,0,0,0,0,0,0,1,1,0,2,0,0,0,0,0,0,0,0,0,0,0,0,2,2,2
IPIP-TCI-S5,IPIP TCI: Impulse-Control,10,4,"hr,sr,sv,tr",2,5,2,1,1,5,7,8,8,7,10,1,5,1,1,5,7,7,5,6,2,1,2,10,10,10
IPIP-16PF,IPIP 16 Personality Factors,163,3,"sr,sv,tr",23,34,41,24,24,34,76,98,98,78,117,8,34,24,45,34,82,78,62,41,41,24,41,163,163,163
IPIP-6FPQ-AG3,IPIP 6FPQ: Adaptability,8,3,"sr,sv,tr",0,0,0,0,0,0,1,1,1,1,1,0,0,0,2,0,1,1,0,0,0,0,0,8,8,8
IPIP-6FPQ-EX3,IPIP 6FPQ: Exhibitionism,10,3,"hr,sr,sv",2,0,4,4,4,0,3,6,6,3,10,1,0,4,6,0,3,3,1,1,4,4,4,10,10,6
IPIP-6FPQ-IP,IPIP 6FPQ: Independence,10,3,"sr,sv,tr",0,0,0,0,0,0,0,0,0,0,0,0,0,0,4,0,0,0,0,0,0,0,0,10,10,10
IPIP-6FPQ-IP1,IPIP 6FPQ: Reclusiveness,10,3,"sr,sv,tr",0,0,0,0,0,0,0,0,0,0,0,0,0,0,1,0,0,0,0,0,0,0,0,10,10,10
IPIP-6FPQ-IP3,IPIP 6FPQ: Self-Sufficiency,10,3,"sr,sv,tr",0,0,0,0,0,0,0,0,0,0,1,0,0,0,2,0,0,0,0,0,0,0,0,10,10,10
IPIP-6FPQ-IT2,IPIP 6FPQ: Resourcefulness,10,3,"sr,sv,tr",0,0,2,0,0,0,3,3,3,3,9,1,0,0,0,0,3,3,2,0,2,0,2,10,10,10
IPIP-6FPQ-IT3,IPIP 6FPQ: Humor/Playfulness,10,3,"sr,sv,tr",0,4,1,1,1,4,7,7,7,7,9,0,4,1,1,4,7,7,5,5,1,1,1,10,10,10
IPIP-6FPQ-ME1,IPIP 6FPQ: Conservatism,8,3,"sr,sv,tr",0,0,0,0,0,0,1,1,1,1,1,0,0,0,0,0,1,1,0,0,0,0,0,8,8,8
IPIP-6FPQ-ME2,IPIP 6FPQ: Deliberateness,10,3,"sr,sv,tr",0,5,0,0,0,5,8,8,8,8,9,0,5,0,4,5,6,8,6,5,0,0,0,10,10,10
IPIP-6FPQ-ME3,IPIP 6FPQ: Orderliness,6,3,"sr,sv,tr",1,2,2,1,1,2,2,3,3,2,3,0,2,1,3,2,2,2,2,2,2,1,2,6,6,6
IPIP-6FPQ-OP1,IPIP 6FPQ: Adventurousness,10,3,"sr,sv,tr",0,3,0,0,0,3,6,7,7,6,7,0,3,0,0,3,6,6,2,3,0,0,0,10,10,10
IPIP-7FACTOR,IPIP 7-Factor,62,3,"sr,sv,tr",12,15,25,16,16,15,26,38,38,26,44,2,15,16,22,15,28,26,21,17,25,16,25,62,62,62
IPIP-7FACTOR-AGR,IPIP 7-Factor: Agreeableness,10,3,"sr,sv,tr",4,5,6,6,6,5,6,9,9,6,9,1,5,6,2,5,6,6,6,4,6,6,6,10,10,10
IPIP-7FACTOR-ATT,IPIP 7-Factor: Attractiveness,10,3,"sr,sv,tr",0,1,1,0,0,1,2,2,2,2,4,0,1,0,1,1,2,2,2,1,1,0,1,10,10,10
IPIP-7FACTOR-EXT,IPIP 7-Factor: Extraversion,9,3,"sr,sv,tr",3,3,4,2,2,3,4,6,6,4,8,0,3,2,5,3,5,4,2,4,4,2,4,9,9,9
IPIP-7FACTOR-NV,IPIP 7-Factor: Negative-Valence,10,3,"sr,sv,tr",0,0,0,0,0,0,0,0,0,0,0,0,0,0,2,0,0,0,0,0,0,0,0,10,10,10
IPIP-AB5C-Ast,IPIP AB5C: Assertiveness,11,3,"sr,sv,tr",0,3,0,0,0,3,5,5,5,5,5,0,3,0,0,3,5,5,5,3,0,0,0,11,11,11
IPIP-AB5C-Cau,IPIP AB5C: Cautiousness,12,3,"sr,sv,tr",0,1,0,0,0,1,6,6,6,6,7,0,1,0,1,1,6,6,5,1,0,0,0,12,12,12
IPIP-AB5C-Cht,IPIP AB5C: Cool-headedness,10,3,"sr,sv,tr",0,1,1,0,0,1,3,3,4,3,4,0,1,0,3,1,3,3,0,1,1,0,1,10,10,10
IPIP-AB5C-Con,IPIP AB5C: Conscientiousness,13,3,"sr,sv,tr",1,1,3,1,1,1,2,3,3,2,4,0,1,1,2,1,2,2,1,1,3,1,3,13,13,13
IPIP-AB5C-Coo,IPIP AB5C: Cooperation,12,3,"sr,sv,tr",0,2,0,0,0,2,4,5,5,4,6,0,2,0,0,2,4,4,3,1,0,0,0,12,12,12
IPIP-AB5C-Crt,IPIP AB5C: Creativity/Originality,10,3,"sr,sv,tr",0,3,1,1,1,3,6,6,6,6,7,0,3,1,1,3,6,6,6,3,1,1,1,10,10,10
IPIP-AB5C-Dep,IPIP AB5C: Depth,9,3,"sr,sv,tr",0,1,0,0,0,1,2,3,3,2,4,0,1,0,0,1,3,2,1,1,0,0,0,9,9,9
IPIP-AB5C-Dut,IPIP AB5C: Dutifulness,13,3,"sr,sv,tr",0,1,0,0,0,1,3,3,3,3,4,0,1,0,1,1,3,3,1,1,0,0,0,13,13,13
IPIP-AB5C-Emp,IPIP AB5C: Empathy,9,3,"sr,sv,tr",0,0,0,0,0,0,2,2,2,2,6,0,0,0,1,0,2,2,1,0,0,0,0,9,9,9
IPIP-AB5C-Imp,IPIP AB5C: Imperturbability,9,3,"sr,sv,tr",0,0,1,0,0,0,3,3,3,3,4,0,0,0,2,0,3,3,3,0,1,0,1,9,9,9
IPIP-AB5C-Ing,IPIP AB5C: Ingenuity,9,3,"sr,sv,tr",4,0,6,3,3,0,2,5,5,2,6,0,0,3,5,0,3,2,1,1,6,3,6,9,9,9
IPIP-AB5C-Isp,IPIP AB5C: Introspection/Private Self-Consciousness,12,3,"sr,sv,tr",1,1,1,1,1,1,3,3,3,3,3,0,1,1,0,1,3,3,2,1,1,1,1,12,12,12
IPIP-AB5C-Ldr,IPIP AB5C: Leadership,9,3,"sr,sv,tr",1,2,3,1,1,2,3,4,4,3,7,1,2,1,2,2,4,3,1,2,3,1,3,9,9,9
IPIP-AB5C-Mod,IPIP AB5C: Moderation,10,3,"sr,sv,tr",0,4,0,0,0,4,6,7,7,6,9,0,4,0,2,4,4,6,5,4,0,0,0,10,10,10
IPIP-AB5C-Nur,IPIP AB5C: Nurturance,13,3,"sr,sv,tr",0,1,2,1,1,1,3,4,4,3,5,0,1,1,1,1,3,3,3,1,2,1,2,13,13,13
IPIP-AB5C-Ord,IPIP AB5C: Orderliness,6,3,"sr,sv,tr",1,0,1,1,1,0,0,2,2,0,3,0,0,1,0,0,0,0,0,0,1,1,1,6,6,6
IPIP-AB5C-Org,IPIP AB5C: Organization,12,3,"sr,sv,tr",0,2,1,1,1,2,4,5,5,4,5,0,2,1,5,2,5,4,3,2,1,1,1,12,12,12
IPIP-AB5C-Pls,IPIP AB5C: Pleasantness,12,3,"sr,sv,tr",1,3,3,1,1,3,5,6,6,6,10,1,3,1,5,3,7,6,5,3,3,1,3,12,12,12
IPIP-AB5C-Prf,IPIP AB5C: Perfectionism,9,3,"sr,sv,tr",1,0,1,0,0,0,3,4,4,3,4,0,0,0,4,0,2,3,3,0,1,0,1,9,9,9
IPIP-AB5C-Prv,IPIP AB5C: Provocativeness,11,3,"sr,sv,tr",0,1,1,1,1,1,4,5,5,4,7,0,1,1,2,1,4,4,1,1,1,1,1,11,11,11
IPIP-AB5C-Pur,IPIP AB5C: Purposefulness,12,3,"sr,sv,tr",2,3,3,3,3,3,5,8,8,5,9,1,3,3,0,3,7,5,3,4,3,3,3,12,12,12
IPIP-AB5C-Qck,IPIP AB5C: Quickness,10,3,"sr,sv,tr",2,1,6,1,1,1,5,7,7,5,8,0,1,1,3,1,4,5,3,1,6,1,6,10,10,10
IPIP-AB5C-Ref,IPIP AB5C: Reflection,10,3,"sr,sv,tr",0,1,0,0,0,1,5,6,6,6,7,0,1,0,3,1,4,6,4,1,0,0,0,10,10,10
IPIP-AB5C-Sdc,IPIP AB5C: Self-disclosure,10,3,"sr,sv,tr",0,1,0,0,0,1,4,4,4,4,7,0,1,0,0,1,4,4,3,1,0,0,0,10,10,10
IPIP-AB5C-Soc,IPIP AB5C: Sociability,10,3,"sr,sv,tr",0,0,0,0,0,0,3,3,3,3,3,0,0,0,1,0,2,3,3,0,0,0,0,10,10,10
IPIP-AB5C-Sym,IPIP AB5C: Sympathy,13,3,"sr,sv,tr",0,3,0,0,0,3,5,5,5,5,7,0,3,0,1,3,5,5,4,3,0,0,0,13,13,13
IPIP-AB5C-Tgh,IPIP AB5C: Toughness,12,3,"sr,sv,tr",1,2,2,0,0,2,4,4,4,4,6,0,2,0,1,2,4,4,3,2,2,0,2,12,12,12
IPIP-AB5C-Tlk,IPIP AB5C: Talkativeness,10,3,"sr,sv,tr",0,0,0,0,0,0,2,3,3,2,3,0,0,0,2,0,2,2,2,0,0,0,0,10,10,10
IPIP-AB5C-Tnd,IPIP AB5C: Tenderness,13,3,"sr,sv,tr",0,1,0,0,0,1,2,2,2,2,2,0,1,0,1,1,0,2,2,0,0,0,0,13,13,13
IPIP-AB5C-Trq,IPIP AB5C: Tranquility,11,3,"sr,sv,tr",1,2,2,2,2,2,5,5,5,5,6,0,2,2,0,2,5,5,3,4,2,2,2,11,11,11
IPIP-AB5C-Und,IPIP AB5C: Understanding,10,3,"sr,sv,tr",3,3,4,3,3,3,3,5,5,3,5,0,3,3,0,3,3,3,3,3,4,3,4,10,10,10
IPIP-CPI-Ac,IPIP CPI: Competence,9,3,"sr,sv,tr",1,0,1,1,1,0,1,2,2,1,5,0,0,1,1,0,1,1,1,0,1,1,1,9,9,9
IPIP-CPI-Ai,IPIP CPI: Insight,10,3,"sr,sv,tr",2,1,2,1,1,1,4,4,4,4,5,0,1,1,4,1,5,4,3,1,2,1,2,10,10,10
IPIP-CPI-Clm,IPIP CPI: Calmness,10,3,"sr,sv,tr",1,0,2,2,2,0,3,4,4,3,6,0,0,2,0,0,4,3,2,2,2,2,2,10,10,10
IPIP-CPI-Cpx,IPIP CPI: Complexity,8,3,"sr,sv,tr",0,0,0,0,0,0,3,3,3,3,5,0,0,0,1,0,3,3,2,0,0,0,0,8,8,8
IPIP-CPI-Dep,IPIP CPI: Depth,10,3,"sr,sv,tr",0,1,1,1,1,1,4,6,6,4,7,0,1,1,1,1,4,4,2,1,1,1,1,10,10,10
IPIP-CPI-Do,IPIP CPI: Dominance,10,3,"sr,sv,tr",0,0,0,0,0,0,2,2,2,2,2,0,0,0,0,0,2,2,1,0,0,0,0,10,10,10
IPIP-CPI-Fx,IPIP CPI: Adventurousness,9,3,"sr,sv,tr",0,1,0,0,0,1,3,4,4,3,6,0,1,0,1,1,3,3,1,1,0,0,0,9,9,9
IPIP-CPI-Gi,IPIP CPI: Good Nature,10,3,"sr,sv,tr",3,1,3,3,3,1,3,4,4,3,5,0,1,3,2,1,3,3,3,2,3,3,3,10,10,10
IPIP-CPI-Intellect,IPIP CPI: Intellect,5,3,"sr,sv,tr",0,2,0,0,0,2,2,2,2,2,3,0,2,0,1,2,2,2,1,2,0,0,0,5,5,5
IPIP-CPI-Mp,IPIP CPI: Assertiveness,10,3,"sr,sv,tr",0,0,0,0,0,0,2,2,2,2,2,0,0,0,0,0,2,2,1,0,0,0,0,10,10,10
IPIP-CPI-Re,IPIP CPI: Responsibility,10,3,"sr,sv,tr",0,1,0,0,0,1,2,2,2,2,3,0,1,0,2,1,2,2,1,1,0,0,0,10,10,10
IPIP-CPI-Sc,IPIP CPI: Self-control/Self-regulation,10,3,"sr,sv,tr",0,2,0,0,0,2,7,7,7,7,8,0,2,0,2,2,7,7,7,2,0,0,0,10,10,10
IPIP-CPI-Sdi,IPIP CPI: Self-discipline,10,3,"sr,sv,tr",3,1,4,2,2,1,5,6,6,5,7,1,1,2,2,1,6,5,5,2,4,2,4,10,10,10
IPIP-CPI-Sef,IPIP CPI: Self-efficacy,10,3,"sr,sv,tr",3,0,3,3,3,0,2,4,4,2,4,0,0,3,2,0,2,2,1,1,3,3,3,10,10,10
IPIP-CPI-Snt,IPIP CPI: Sentimentality,12,3,"sr,sv,tr",1,1,1,1,1,1,3,5,5,4,6,0,1,1,3,1,1,4,4,0,1,1,1,12,12,12
IPIP-CPI-Stb,IPIP CPI: Stability,10,3,"sr,sv,tr",0,3,0,0,0,3,3,4,4,3,6,1,3,0,1,3,3,3,3,3,0,0,0,10,10,10
IPIP-CPI-Tim,IPIP CPI: Timidity,10,3,"sr,sv,tr",0,2,0,0,0,2,6,7,7,6,8,0,2,0,0,2,6,6,3,2,0,0,0,10,10,10
IPIP-CPI-Tmp,IPIP CPI: Temperance,10,3,"sr,sv,tr",1,3,2,1,1,3,3,4,4,3,8,1,3,1,0,3,2,3,2,3,2,1,2,10,10,10
IPIP-CPI-To,IPIP CPI: Tolerance,9,3,"sr,sv,tr",0,2,0,0,0,2,4,4,4,4,7,0,2,0,2,2,4,4,3,2,0,0,0,9,9,9
IPIP-EI-Empathy,IPIP EI: Empathy,10,3,"sr,sv,tr",1,3,1,1,1,3,4,5,5,4,6,0,3,1,0,3,4,4,4,3,1,1,1,10,10,10
IPIP-HEXACO,IPIP-HEXACO Personality Inventory,240,3,"is,sr,sv",31,34,46,25,25,34,67,84,85,69,105,8,34,25,240,34,70,69,60,38,46,25,46,240,240,130
IPIP-HPI,IPIP HPI,85,3,"sr,sv,tr",9,17,20,10,10,17,47,64,64,47,81,5,17,10,20,17,50,47,37,18,20,10,20,85,85,85
IPIP-HPI-Coo,IPIP HPI: Cooperation,10,3,"sr,sv,tr",0,4,0,0,0,4,5,6,6,5,8,0,4,0,1,4,5,5,5,3,0,0,0,10,10,10
IPIP-HPI-Tgh,IPIP HPI: Toughness,9,3,"sr,sv,tr",0,2,2,0,0,2,5,7,7,5,7,0,2,0,1,2,5,5,5,1,2,0,2,9,9,9
IPIP-HPIHIC,IPIP HPI-HIC,183,3,"sr,sv,tr",15,34,32,9,9,34,83,104,104,85,146,4,34,9,28,34,83,85,66,30,32,9,32,183,183,183
IPIP-HPIHIC-Ach,IPIP HPI-HIC: Achievement-striving,5,3,"sr,sv,tr",0,0,1,0,0,0,1,1,1,1,4,0,0,0,0,0,1,1,1,0,1,0,1,5,5,5
IPIP-HPIHIC-App,IPIP HPI-HIC: Appearance-Consciousness,4,3,"sr,sv,tr",0,0,0,0,0,0,0,0,0,0,0,0,0,0,0,0,0,0,0,0,0,0,0,4,4,4
IPIP-HPIHIC-Cnf,IPIP HPI-HIC: Conformity/Dependence/Need for approval,2,3,"sr,sv,tr",0,0,0,0,0,0,0,0,0,0,0,0,0,0,0,0,0,0,0,0,0,0,0,2,2,2
IPIP-HPIHIC-Cur,IPIP HPI-HIC: Curiosity,12,3,"sr,sv,tr",2,1,2,0,0,1,2,3,3,2,6,0,1,0,3,1,2,2,2,1,2,0,2,12,12,12
IPIP-HPIHIC-Emp,IPIP HPI-HIC: Empathy,10,3,"sr,sv,tr",3,4,6,3,3,4,6,6,6,6,9,1,4,3,4,4,5,6,6,3,6,3,6,10,10,10
IPIP-HPIHIC-For,IPIP HPI-HIC: Forgiveness/Mercy,8,3,"sr,sv,tr",0,1,2,0,0,1,1,2,2,2,6,1,1,0,2,1,3,2,1,1,2,0,2,8,8,8
IPIP-HPIHIC-Gam,IPIP HPI-HIC: Interest in Game-Playing,7,3,"sr,sv,tr",0,0,0,0,0,0,0,0,0,0,0,0,0,0,0,0,0,0,0,0,0,0,0,7,7,7
IPIP-HPIHIC-Hum,IPIP HPI-HIC: Humor/Playfulness,5,3,"sr,sv,tr",0,0,0,0,0,0,2,2,2,2,4,0,0,0,0,0,2,2,0,0,0,0,0,5,5,5
IPIP-HPIHIC-Ord,IPIP HPI-HIC: Orderliness,5,3,"sr,sv,tr",0,1,0,0,0,1,1,2,2,1,4,0,1,0,0,1,1,1,1,0,0,0,0,5,5,5
IPIP-HPIHIC-Pls,IPIP HPI-HIC: Pleasantness,6,3,"sr,sv,tr",0,0,0,0,0,0,2,3,3,2,5,1,0,0,3,0,2,2,1,0,0,0,0,6,6,6
IPIP-HPIHIC-Prb,IPIP HPI-HIC: Problem-solving,12,3,"sr,sv,tr",1,0,1,0,0,0,1,1,1,1,4,0,0,0,1,0,1,1,1,0,1,0,1,12,12,12
IPIP-HPIHIC-Rdg,IPIP HPI-HIC: Love of Reading,6,3,"sr,sv,tr",0,0,1,0,0,0,1,3,3,1,5,0,0,0,1,0,1,1,1,0,1,0,1,6,6,6
IPIP-HPIHIC-Rum,IPIP HPI-HIC: Rumination,6,3,"sr,sv,tr",0,0,0,0,0,0,0,0,0,0,2,0,0,0,0,0,0,0,0,0,0,0,0,6,6,6
IPIP-HPIHIC-Sns,IPIP HPI-HIC: Sensitivity,6,3,"sr,sv,tr",0,1,1,0,0,1,3,3,3,3,5,0,1,0,1,1,2,3,3,0,1,0,1,6,6,6
IPIP-HPIHIC-Soc,IPIP HPI-HIC: Sociability,3,3,"sr,sv,tr",0,0,0,0,0,0,0,0,0,0,1,0,0,0,0,0,0,0,0,0,0,0,0,3,3,3
IPIP-HPIHIC-Tgh,IPIP HPI-HIC: Toughness,5,3,"sr,sv,tr",0,1,0,0,0,1,3,4,4,3,4,0,1,0,0,1,3,3,3,1,0,0,0,5,5,5
IPIP-JPI-Cpr,IPIP JPI: Conformity/Dependence/Need for approval,8,3,"sr,sv,tr",0,0,0,0,0,0,0,0,0,0,0,0,0,0,0,0,0,0,0,0,0,0,0,8,8,8
IPIP-JPI-Cpx,IPIP JPI: Intellectual-Complexity,10,3,"sr,sv,tr",1,4,3,2,2,4,7,8,8,7,9,2,4,2,4,4,7,7,5,5,3,2,3,10,10,10
IPIP-JPI-Emp,IPIP JPI: Empathy,8,3,"sr,sv,tr",0,2,0,0,0,2,4,4,4,4,6,0,2,0,3,2,2,4,4,1,0,0,0,8,8,8
IPIP-JPI-Rsy,IPIP JPI: Responsibility,9,3,"sr,sv,tr",0,2,1,0,0,2,3,3,3,3,7,0,2,0,4,2,3,3,3,2,1,0,1,9,9,9
IPIP-JPI-Sas,IPIP JPI: Machiavellianism,6,3,"sr,sv,tr",0,0,0,0,0,0,1,2,2,1,5,0,0,0,1,0,1,1,1,0,0,0,0,6,6,6
IPIP-JPI-Tol,IPIP JPI: Tolerance,6,3,"sr,sv,tr",0,0,0,0,0,0,2,3,3,2,5,0,0,0,2,0,1,2,1,0,0,0,0,6,6,6
IPIP-Levenson-Locus-of-Control-External,"IPIP LOC: Locus of Control,External",10,3,"sr,sv,tr",1,3,1,1,1,3,4,6,6,4,9,1,3,1,1,3,4,4,3,3,1,1,1,10,10,10
IPIP-Levenson-Locus-of-Control-Rational,"IPIP LOC: Locus of Control,Rational",5,3,"hr,sr,sv",0,0,0,0,0,0,0,0,0,0,5,0,0,0,0,0,0,0,0,0,0,0,0,5,5,1
IPIP-MPQ-AC,IPIP MPQ: Achievement-striving,5,3,"sr,sv,tr",1,1,1,0,0,1,1,2,2,1,4,0,1,0,3,1,1,1,1,1,1,0,1,5,5,5
IPIP-MPQ-CO,IPIP MPQ: Planfulness,10,3,"sr,sv,tr",3,2,4,3,3,2,4,9,9,4,9,0,2,3,5,2,8,4,3,3,4,3,4,10,10,10
IPIP-MPQ-SC,IPIP MPQ: Friendliness,3,3,"sr,sv,tr",0,0,0,0,0,0,1,2,2,1,2,1,0,0,2,0,1,1,1,0,0,0,0,3,3,3
IPIP-SelfEsteem,IPIP Self-Esteem Scale,10,3,"sr,sv,tr",0,3,1,1,1,3,5,6,6,5,7,1,3,1,0,3,4,5,4,3,1,1,1,10,10,10
IPIP-TCI,IPIP TCI,228,3,"sr,sv,tr",17,46,26,14,14,46,91,114,114,92,156,6,46,14,40,46,93,92,69,44,26,14,26,228,228,228
IPIP-TCI-C1,IPIP TCI: Tolerance,10,3,"sr,sv,tr",1,2,1,1,1,2,2,2,2,2,6,0,2,1,4,2,4,2,2,2,1,1,1,10,10,10
IPIP-TCI-C2,IPIP TCI: Empathy,4,3,"sr,sv,tr",0,0,2,1,1,0,1,3,3,2,3,1,0,1,1,0,1,2,1,0,2,1,2,4,4,4
IPIP-TCI-C3,IPIP TCI: Trust,9,3,"sr,sv,tr",1,1,1,1,1,1,2,3,3,2,3,0,1,1,1,1,1,2,2,0,1,1,1,9,9,9
IPIP-TCI-C4,IPIP TCI: Compassion,10,3,"sr,sv,tr",1,2,1,0,0,2,4,4,4,4,8,0,2,0,6,2,4,4,4,2,1,0,1,10,10,10
IPIP-TCI-C5,IPIP TCI: Morality,9,3,"sr,sv,tr",0,0,0,0,0,0,2,2,2,2,2,0,0,0,1,0,2,2,1,0,0,0,0,9,9,9
IPIP-TCI-HA4,IPIP TCI: Self-efficacy,8,3,"sr,sv,tr",0,4,0,0,0,4,6,6,6,6,7,0,4,0,1,4,5,6,5,3,0,0,0,8,8,8
IPIP-TCI-NS2,IPIP TCI: Recklessness,10,3,"sr,sv,tr",0,3,0,0,0,3,4,4,4,4,4,0,3,0,3,3,4,4,3,3,0,0,0,10,10,10
IPIP-TCI-NS3,IPIP TCI: Extravagance,4,3,"sr,sv,tr",0,0,0,0,0,0,1,1,1,1,3,0,0,0,0,0,1,1,1,0,0,0,0,4,4,4
IPIP-TCI-NS4,IPIP TCI: Rebelliousness,10,3,"sr,sv,tr",0,2,0,0,0,2,6,6,6,6,9,0,2,0,3,2,6,6,3,2,0,0,0,10,10,10
IPIP-TCI-P1,IPIP TCI: Initiative,10,3,"sr,sv,tr",1,1,2,1,1,1,7,8,8,7,9,0,1,1,1,1,7,7,6,1,2,1,2,10,10,10
IPIP-TCI-P3,IPIP TCI: Achievement-striving,7,3,"sr,sv,tr",0,2,0,0,0,2,2,3,3,2,3,0,2,0,0,2,2,2,2,2,0,0,0,7,7,7
IPIP-TCI-P4,IPIP TCI: Industriousness/Perseverance/Persistence,7,3,"sr,sv,tr",1,3,1,1,1,3,4,6,6,4,6,0,3,1,2,3,4,4,4,2,1,1,1,7,7,7
IPIP-TCI-RD3,IPIP TCI: Self-disclosure,8,3,"sr,sv,tr",2,0,3,2,2,0,1,2,2,1,5,1,0,2,4,0,2,1,0,1,3,2,3,8,8,8
IPIP-TCI-RD4,IPIP TCI: Conformity/Dependence/Need for approval,8,3,"sr,sv,tr",0,0,0,0,0,0,1,1,1,1,1,0,0,0,0,0,1,1,0,0,0,0,0,8,8,8
IPIP-TCI-S1,IPIP TCI: Satisfaction,10,3,"sr,sv,tr",0,0,0,0,0,0,1,3,3,1,6,0,0,0,0,0,1,1,1,0,0,0,0,10,10,10
IPIP-TCI-S2,IPIP TCI: Hope/Optimism,9,3,"sr,sv,tr",0,1,0,0,0,1,1,2,2,1,2,0,1,0,0,1,1,1,1,1,0,0,0,9,9,9
IPIP-TCI-S3,IPIP TCI: Resourcefulness,9,3,"sr,sv,tr",1,3,2,0,0,3,6,7,7,6,7,0,3,0,2,3,5,6,5,3,2,0,2,9,9,9
IPIP-TCI-S4,IPIP TCI: Self-acceptance,8,3,"sr,sv,tr",0,0,0,0,0,0,1,2,2,1,5,0,0,0,4,0,2,1,1,0,0,0,0,8,8,8
IPIP-TCI-ST1,IPIP TCI: Imagination,4,3,"sr,sv,tr",0,1,1,1,1,1,2,2,2,2,2,1,1,1,0,1,2,2,2,2,1,1,1,4,4,4
IPIP-TCI-ST2,IPIP TCI: Romanticism,9,3,"sr,sv,tr",0,2,0,0,0,2,6,7,7,6,7,0,2,0,2,2,6,6,5,2,0,0,0,9,9,9
IPIP-TCI-ST4,IPIP TCI: Conservatism,6,3,"sr,sv,tr",0,1,0,0,0,1,1,1,1,1,1,0,1,0,0,1,1,1,1,1,0,0,0,6,6,6
IPIP-TCI-ST5,IPIP TCI: Femininity,8,3,"sr,sv,tr",2,4,2,1,1,4,4,4,4,4,6,0,4,1,0,4,4,4,4,4,2,1,2,8,8,8
IPIP-6FPQ,IPIP 6FPQ,229,2,"sr,sv",18,44,37,20,20,44,85,112,112,86,149,7,44,20,68,44,97,86,64,49,37,20,37,229,229,207
IPIP-6FPQ-AG1,IPIP 6FPQ: Docility,8,2,"sr,sv",0,0,0,0,0,0,0,0,0,0,0,0,0,0,1,0,0,0,0,0,0,0,0,8,8,2
IPIP-6FPQ-EX2,IPIP 6FPQ: Leadership,10,2,"sr,sv",0,2,1,0,0,2,3,4,4,3,4,0,2,0,1,2,3,3,3,2,1,0,1,10,10,5
IPIP-6FPQ-IP2,IPIP 6FPQ: Unpretentiousness,9,2,"sr,sv",0,0,0,0,0,0,0,0,0,0,0,0,0,0,3,0,0,0,0,0,0,0,0,9,9,7
IPIP-6FPQ-IT,IPIP 6FPQ: Industriousness/Perseverance/Persistence,10,2,"sr,sv",0,4,0,0,0,4,4,4,4,4,5,0,4,0,2,4,4,4,4,4,0,0,0,10,10,5
IPIP-AB5C,IPIP AB5C,445,2,"sr,sv",37,68,74,38,38,68,165,204,205,168,262,9,68,38,75,68,174,168,129,73,74,38,74,445,445,432
IPIP-AB5C-Cmp,IPIP AB5C: Competence,8,2,"sr,sv",0,1,0,0,0,1,1,1,1,1,2,0,1,0,0,1,1,1,1,1,0,0,0,8,8,5
IPIP-AB5C-Mor,IPIP AB5C: Morality,12,2,"sr,sv",0,1,0,0,0,1,4,4,4,4,4,0,1,0,2,1,4,4,3,1,0,0,0,12,12,8
IPIP-AB5C-Rat,IPIP AB5C: Rationality,14,2,"sr,sv",0,1,1,0,0,1,3,3,3,3,4,0,1,0,1,1,3,3,3,1,1,0,1,14,14,8
IPIP-BFAS,IPIP Big Five Aspect Scales,100,2,"sr,sv",16,27,28,14,14,27,50,57,57,50,71,5,27,14,27,27,54,50,43,28,28,14,28,100,100,84
IPIP-BIDR,IPIP Social Desirability Scales,38,2,"sr,sv",0,9,1,1,1,9,14,16,16,14,19,0,9,1,9,9,13,14,11,9,1,1,1,38,38,25
IPIP-Buss,IPIP Self-Consciousness Scale,21,2,"sr,sv",0,2,3,1,1,2,9,11,11,9,12,1,2,1,3,2,10,9,8,3,3,1,3,21,21,18
IPIP-CPI,IPIP CPI,303,2,"sr,sv",30,50,51,29,29,50,133,170,171,134,216,10,50,29,56,50,137,134,101,57,51,29,51,303,303,293
IPIP-CPI-Pln,IPIP CPI: Planfulness,10,2,"sr,sv",0,0,0,0,0,0,2,2,2,2,3,0,0,0,0,0,3,2,1,0,0,0,0,10,10,5
IPIP-CPI-Pol,IPIP CPI: Politeness,11,2,"sr,sv",0,2,0,0,0,2,2,2,2,2,2,0,2,0,0,2,2,2,2,2,0,0,0,11,11,6
IPIP-EI,IPIP Emotional Intelligence Scale,68,2,"sr,sv",1,4,1,1,1,4,8,9,9,8,12,0,4,1,5,4,7,8,7,4,1,1,1,68,68,20
IPIP-EI-Attention-to-Emotions,IPIP EI: Attention to Emotions,10,2,"sr,sv",0,1,0,0,0,1,1,1,1,1,1,0,1,0,0,1,1,1,0,1,0,0,0,10,10,3
IPIP-EI-Emotion-based-Decision-making,IPIP EI: Emotion-based Decision-making,9,2,"sr,sv",0,0,0,0,0,0,0,0,0,0,0,0,0,0,0,0,0,0,0,0,0,0,0,9,9,2
IPIP-EI-Negative-Expressivity,IPIP EI: Negative Expressivity,10,2,"sr,sv",0,0,0,0,0,0,0,0,0,0,0,0,0,0,2,0,0,0,0,0,0,0,0,10,10,0
IPIP-EI-Positive-Expressivity,IPIP EI: Positive Expressivity,9,2,"sr,sv",0,0,0,0,0,0,0,0,0,0,0,0,0,0,0,0,0,0,0,0,0,0,0,9,9,1
IPIP-EI-Responsive-Distress,IPIP EI: Responsive Distress,10,2,"sr,sv",0,0,0,0,0,0,3,3,3,3,5,0,0,0,3,0,2,3,3,0,0,0,0,10,10,4
IPIP-EI-Responsive-Joy,IPIP EI: Responsive Joy,10,2,"sr,sv",0,0,0,0,0,0,0,0,0,0,0,0,0,0,0,0,0,0,0,0,0,0,0,10,10,0
IPIP-IPC,IPIP Interpersonal Circumplex,32,2,"sr,sv",9,4,11,8,8,4,10,16,16,10,21,3,4,8,7,4,13,10,6,5,11,8,11,32,32,28
IPIP-JPI,IPIP JPI,106,2,"sr,sv",13,22,24,13,13,22,51,66,66,51,87,7,22,13,33,22,49,51,38,25,24,13,24,106,106,102
IPIP-JPI-Trv,IPIP JPI: Traditionalism,10,2,"sr,sv",0,3,0,0,0,3,5,6,6,5,6,0,3,0,0,3,5,5,1,3,0,0,0,10,10,6
IPIP-LOC,IPIP Locus of Control Scale,31,2,"sr,sv",1,5,1,1,1,5,8,11,11,8,21,1,5,1,1,5,7,8,6,4,1,1,1,31,31,24
IPIP-Levenson-Locus-of-Control,IPIP LOC: Locus of Control,20,2,"sr,sv",0,4,0,0,0,4,7,8,8,7,16,0,4,0,0,4,6,7,5,3,0,0,0,20,20,16
IPIP-Levenson-Locus-of-Control-Chance,"IPIP LOC: Locus of Control,Chance",10,2,"sr,sv",0,1,0,0,0,1,3,5,5,3,9,0,1,0,0,1,3,3,2,1,0,0,0,10,10,6
IPIP-Levenson-Locus-of-Control-Internal,"IPIP LOC: Locus of Control,Internal",10,2,"sr,sv",0,1,0,0,0,1,2,3,3,2,6,0,1,0,0,1,2,2,1,1,0,0,0,10,10,6
IPIP-MPQ,IPIP MPQ,95,2,"sr,sv",11,21,17,11,11,21,48,63,63,48,77,7,21,11,29,21,49,48,36,25,17,11,17,95,95,85
IPIP-MPQ-UV,IPIP MPQ: Unlikely Virtues,17,2,"sr,sv",1,1,1,1,1,1,1,1,1,1,2,1,1,1,0,1,1,1,0,1,1,1,1,17,17,7
IPIP-SelfMonitoring,IPIP Self-Monitoring Scale,10,2,"sr,sv",1,0,2,2,2,0,2,4,4,2,9,0,0,2,8,0,2,2,2,1,2,2,2,10,10,6
IPIP-VIA-App,IPIP Character Strength: Aesthetic Appreciation,8,2,"hu,sr",0,0,0,0,0,0,0,0,0,0,0,8,0,0,0,0,0,0,0,0,0,0,0,8,0,0
IPIP-VIA-Bra,IPIP Character Strength: Bravery/Courage,10,2,"hu,sr",0,0,0,0,0,0,0,0,0,0,0,10,0,0,0,0,0,0,0,0,0,0,0,10,0,0
IPIP-VIA-Cap,IPIP Character Strength: Capacity for Love,9,2,"hu,sr",0,0,0,0,0,0,0,0,0,0,0,9,0,0,0,0,0,0,0,0,0,0,0,9,0,0
IPIP-VIA-Crt,IPIP Character Strength: Creativity/Originality,8,2,"hu,sr",0,0,0,0,0,0,0,0,0,0,0,8,0,0,0,0,0,0,0,0,0,0,0,8,0,0
IPIP-VIA-Cur,IPIP Character Strength: Curiosity,10,2,"hu,sr",0,0,0,0,0,0,0,0,0,0,0,10,0,0,0,0,0,0,0,0,0,0,0,10,0,0
IPIP-VIA-Equ,IPIP Character Strength: Equity/Fairness,9,2,"hu,sr",0,1,0,0,0,1,1,1,1,1,2,9,1,0,0,1,2,1,1,1,0,0,0,9,2,2
IPIP-VIA-For,IPIP Character Strength: Forgiveness/Mercy,9,2,"hu,sr",0,0,0,0,0,0,0,0,0,0,0,9,0,0,0,0,0,0,0,0,0,0,0,9,0,0
IPIP-VIA-Gra,IPIP Character Strength: Gratitude,8,2,"hu,sr",0,0,0,0,0,0,0,0,0,0,0,8,0,0,0,0,0,0,0,0,0,0,0,8,0,0
IPIP-VIA-Hon,IPIP Character Strength: Honesty/Integrity,9,2,"hu,sr",0,1,0,0,0,1,1,1,1,1,1,9,1,0,0,1,1,1,1,1,0,0,0,9,2,2
IPIP-VIA-Hop,IPIP Character Strength: Hope/Optimism,8,2,"hu,sr",0,0,0,0,0,0,0,0,0,0,0,8,0,0,0,0,0,0,0,0,0,0,0,8,0,0
IPIP-VIA-Hum,IPIP Character Strength: Humor/Playfulness,9,2,"hu,sr",0,0,0,0,0,0,0,0,0,0,0,9,0,0,0,0,0,0,0,0,0,0,0,9,0,0
IPIP-VIA-Ind,IPIP Character Strength: Perseverance/Industriousness,8,2,"hu,sr",0,0,0,0,0,0,0,0,0,0,1,8,0,0,0,0,0,0,0,0,0,0,0,8,1,1
IPIP-VIA-Jud,IPIP Character Strength: Judgment/Open-mindedness,9,2,"hu,sr",0,0,0,0,0,0,0,0,0,0,0,9,0,0,0,0,0,0,0,0,0,0,0,9,0,0
IPIP-VIA-Kin,IPIP Character Strength: Kindness/Generosity,10,2,"hu,sr",0,0,0,0,0,0,0,0,0,0,0,10,0,0,0,0,0,0,0,0,0,0,0,10,0,0
IPIP-VIA-Lea,IPIP Character Strength: Leadership,7,2,"hu,sr",0,0,0,0,0,0,0,0,0,0,0,7,0,0,0,0,0,0,0,0,0,0,0,7,0,0
IPIP-VIA-Lov,IPIP Character Strength: Love of Learning,10,2,"hu,sr",0,0,0,0,0,0,0,0,0,0,0,10,0,0,0,0,0,0,0,0,0,0,0,10,0,0
IPIP-VIA-Pru,IPIP Character Strength: Prudence,9,2,"hu,sr",0,0,0,0,0,0,0,0,0,0,0,9,0,0,0,0,0,0,0,0,0,0,0,9,0,0
IPIP-VIA-Soc,IPIP Character Strength: Social/Emotional Intelligence,7,2,"hu,sr",0,0,0,0,0,0,0,0,0,0,0,7,0,0,0,0,0,0,0,0,0,0,0,7,0,0
IPIP-VIA-Spi,IPIP Character Strength: Spirituality/Religiousness,9,2,"hu,sr",0,0,0,0,0,0,0,0,0,0,0,9,0,0,0,0,0,0,0,0,0,0,0,9,0,0
IPIP-VIA-Wis,IPIP Character Strength: Wisdom/Perspective,9,2,"hu,sr",0,0,0,0,0,0,0,0,0,0,0,9,0,0,0,0,0,0,0,0,0,0,0,9,0,0
IPIP-ADHD,IPIP ADHD Screening Scale,12,1,sr,0,0,0,0,0,0,0,0,0,0,0,0,0,0,2,0,0,0,0,0,0,0,0,12,2,0
IPIP-BISBAS,IPIP Behavioral Inhibition/Activation Scales,36,1,sr,1,4,2,1,1,4,12,13,13,12,15,0,4,1,7,4,12,12,8,4,2,1,2,36,32,19
IPIP-BriefSelfControl,IPIP Brief Self-Control Scale,24,1,sr,0,3,0,0,0,3,3,3,3,3,6,0,3,0,7,3,3,3,3,2,0,0,0,24,15,6
IPIP-Chapman,IPIP Chapman Scales,24,1,sr,0,0,0,0,0,0,0,0,0,0,0,0,0,0,2,0,0,0,0,0,0,0,0,24,3,0
IPIP-Foa2002,IPIP Foa Interpersonal Scales (2002),21,1,sr,0,0,0,0,0,0,0,0,0,0,0,0,0,0,2,0,0,0,0,0,0,0,0,21,11,0
IPIP-VIA,IPIP Character Strengths,213,1,sr,0,2,0,0,0,2,3,3,3,3,5,191,2,0,1,2,4,3,3,2,0,0,0,213,6,6
IPIP-VIA-Cit,IPIP Character Strength: Teamwork/Citizenship,9,1,sr,0,0,0,0,0,0,1,1,1,1,1,8,0,0,1,0,1,1,1,0,0,0,0,9,1,1
IPIP-VIA-Mod,IPIP Character Strength: Modesty/Humility,9,1,sr,0,0,0,0,0,0,0,0,0,0,0,8,0,0,0,0,0,0,0,0,0,0,0,9,0,0
IPIP-VIA-Sel,IPIP Character Strength: Self-control/Self-regulation,11,1,sr,0,0,0,0,0,0,0,0,0,0,0,0,0,0,0,0,0,0,0,0,0,0,0,11,0,0
IPIP-VIA-Zes,IPIP Character Strength: Vitality/Enthusiasm/Zest,9,1,sr,0,0,0,0,0,0,0,0,0,0,0,0,0,0,0,0,0,0,0,0,0,0,0,9,0,0
IPIP-Big5-31,IPIP Big Five Factor Markers (31-item),31,0,,0,0,0,0,0,0,0,0,0,0,0,0,0,0,0,0,0,0,0,0,0,0,0,0,0,0
IPIP-CATPD,IPIP Personality Disorder Traits (CAT-PD),215,0,,7,15,9,4,4,15,19,21,21,19,29,5,15,4,21,15,22,19,18,15,9,4,9,211,74,45
IPIP-Depression,IPIP Depression Scale,22,0,,0,0,0,0,0,0,0,0,0,0,0,0,0,0,0,0,0,0,0,0,0,0,0,0,0,0
IPIP-Dissociation,IPIP Dissociation Scale,31,0,,0,0,0,0,0,0,0,0,0,0,0,0,0,0,0,0,0,0,0,0,0,0,0,0,0,0
IPIP-ORAIS,IPIP ORAIS,200,0,,0,0,0,0,0,0,0,0,0,0,0,0,0,0,0,0,0,0,0,0,0,0,0,0,0,0
IPIP-ORAIS-Appearance-Consciousness,IPIP ORAIS: Appearance-Consciousness,5,0,,0,0,0,0,0,0,0,0,0,0,0,0,0,0,0,0,0,0,0,0,0,0,0,0,0,0
IPIP-ORAIS-Creativity-Originality,IPIP ORAIS: Creativity/Originality,7,0,,0,0,0,0,0,0,0,0,0,0,0,0,0,0,0,0,0,0,0,0,0,0,0,0,0,0
IPIP-ORAIS-Culture,IPIP ORAIS: Culture,6,0,,0,0,0,0,0,0,0,0,0,0,0,0,0,0,0,0,0,0,0,0,0,0,0,0,0,0
IPIP-ORAIS-Gregariousness,IPIP ORAIS: Gregariousness,4,0,,0,0,0,0,0,0,0,0,0,0,0,0,0,0,0,0,0,0,0,0,0,0,0,0,0,0
IPIP-ORAIS-Interest-in-Children,IPIP ORAIS: Interest in Children,6,0,,0,0,0,0,0,0,0,0,0,0,0,0,0,0,0,0,0,0,0,0,0,0,0,0,0,0
IPIP-ORAIS-Interest-in-Collecting,IPIP ORAIS: Interest in Collecting,5,0,,0,0,0,0,0,0,0,0,0,0,0,0,0,0,0,0,0,0,0,0,0,0,0,0,0,0
IPIP-ORAIS-Interest-in-Computing,IPIP ORAIS: Interest in Computing,6,0,,0,0,0,0,0,0,0,0,0,0,0,0,0,0,0,0,0,0,0,0,0,0,0,0,0,0
IPIP-ORAIS-Interest-in-Drinking,IPIP ORAIS: Interest in Drinking,5,0,,0,0,0,0,0,0,0,0,0,0,0,0,0,0,0,0,0,0,0,0,0,0,0,0,0,0
IPIP-ORAIS-Interest-in-Environmentalism,IPIP ORAIS: Interest in Environmentalism,7,0,,0,0,0,0,0,0,0,0,0,0,0,0,0,0,0,0,0,0,0,0,0,0,0,0,0,0
IPIP-ORAIS-Interest-in-Exercise,IPIP ORAIS: Interest in Exercise,7,0,,0,0,0,0,0,0,0,0,0,0,0,0,0,0,0,0,0,0,0,0,0,0,0,0,0,0
IPIP-ORAIS-Interest-in-Food,IPIP ORAIS: Interest in Food,7,0,,0,0,0,0,0,0,0,0,0,0,0,0,0,0,0,0,0,0,0,0,0,0,0,0,0,0
IPIP-ORAIS-Interest-in-Gambling,IPIP ORAIS: Interest in Gambling,6,0,,0,0,0,0,0,0,0,0,0,0,0,0,0,0,0,0,0,0,0,0,0,0,0,0,0,0
IPIP-ORAIS-Interest-in-Game-Playing,IPIP ORAIS: Interest in Game-Playing,5,0,,0,0,0,0,0,0,0,0,0,0,0,0,0,0,0,0,0,0,0,0,0,0,0,0,0,0
IPIP-ORAIS-Interest-in-Gardening,IPIP ORAIS: Interest in Gardening,6,0,,0,0,0,0,0,0,0,0,0,0,0,0,0,0,0,0,0,0,0,0,0,0,0,0,0,0
IPIP-ORAIS-Interest-in-Home-Making,IPIP ORAIS: Interest in Home-Making,7,0,,0,0,0,0,0,0,0,0,0,0,0,0,0,0,0,0,0,0,0,0,0,0,0,0,0,0
IPIP-ORAIS-Interest-in-Journaling,IPIP ORAIS: Interest in Journaling,7,0,,0,0,0,0,0,0,0,0,0,0,0,0,0,0,0,0,0,0,0,0,0,0,0,0,0,0
IPIP-ORAIS-Interest-in-Money,IPIP ORAIS: Interest in Money,6,0,,0,0,0,0,0,0,0,0,0,0,0,0,0,0,0,0,0,0,0,0,0,0,0,0,0,0
IPIP-ORAIS-Interest-in-Music,IPIP ORAIS: Interest in Music,8,0,,0,0,0,0,0,0,0,0,0,0,0,0,0,0,0,0,0,0,0,0,0,0,0,0,0,0
IPIP-ORAIS-Interest-in-Outdoor-Activities,IPIP ORAIS: Interest in Outdoor Activities,7,0,,0,0,0,0,0,0,0,0,0,0,0,0,0,0,0,0,0,0,0,0,0,0,0,0,0,0
IPIP-ORAIS-Interest-in-Pets,IPIP ORAIS: Interest in Pets,6,0,,0,0,0,0,0,0,0,0,0,0,0,0,0,0,0,0,0,0,0,0,0,0,0,0,0,0
IPIP-ORAIS-Interest-in-Political-Activism,IPIP ORAIS: Interest in Political Activism,7,0,,0,0,0,0,0,0,0,0,0,0,0,0,0,0,0,0,0,0,0,0,0,0,0,0,0,0
IPIP-ORAIS-Interest-in-Romance,IPIP ORAIS: Interest in Romance,6,0,,0,0,0,0,0,0,0,0,0,0,0,0,0,0,0,0,0,0,0,0,0,0,0,0,0,0
IPIP-ORAIS-Interest-in-Self-Improvement,IPIP ORAIS: Interest in Self-Improvement,5,0,,0,0,0,0,0,0,0,0,0,0,0,0,0,0,0,0,0,0,0,0,0,0,0,0,0,0
IPIP-ORAIS-Interest-in-Shopping,IPIP ORAIS: Interest in Shopping,7,0,,0,0,0,0,0,0,0,0,0,0,0,0,0,0,0,0,0,0,0,0,0,0,0,0,0,0
IPIP-ORAIS-Interest-in-Social-Media,IPIP ORAIS: Interest in Social Media,5,0,,0,0,0,0,0,0,0,0,0,0,0,0,0,0,0,0,0,0,0,0,0,0,0,0,0,0
IPIP-ORAIS-Interest-in-Sports,IPIP ORAIS: Interest in Sports,6,0,,0,0,0,0,0,0,0,0,0,0,0,0,0,0,0,0,0,0,0,0,0,0,0,0,0,0
IPIP-ORAIS-Interest-in-Travel,IPIP ORAIS: Interest in Travel,6,0,,0,0,0,0,0,0,0,0,0,0,0,0,0,0,0,0,0,0,0,0,0,0,0,0,0,0
IPIP-ORAIS-Interest-in-Vehicles,IPIP ORAIS: Interest in Vehicles,4,0,,0,0,0,0,0,0,0,0,0,0,0,0,0,0,0,0,0,0,0,0,0,0,0,0,0,0
IPIP-ORAIS-Interest-in-Watching-Television,IPIP ORAIS: Interest in Watching Television,7,0,,0,0,0,0,0,0,0,0,0,0,0,0,0,0,0,0,0,0,0,0,0,0,0,0,0,0
IPIP-ORAIS-Love-of-Learning,IPIP ORAIS: Love of Learning,6,0,,0,0,0,0,0,0,0,0,0,0,0,0,0,0,0,0,0,0,0,0,0,0,0,0,0,0
IPIP-ORAIS-Love-of-Reading,IPIP ORAIS: Love of Reading,5,0,,0,0,0,0,0,0,0,0,0,0,0,0,0,0,0,0,0,0,0,0,0,0,0,0,0,0
IPIP-ORAIS-Reclusiveness,IPIP ORAIS: Reclusiveness,6,0,,0,0,0,0,0,0,0,0,0,0,0,0,0,0,0,0,0,0,0,0,0,0,0,0,0,0
IPIP-ORAIS-Spirituality-Religiousness,IPIP ORAIS: Spirituality/Religiousness,7,0,,0,0,0,0,0,0,0,0,0,0,0,0,0,0,0,0,0,0,0,0,0,0,0,0,0,0
IPIP-ORVIS,IPIP Oregon Vocational Interest Scales,92,0,,0,0,0,0,0,0,0,0,0,0,0,0,0,0,0,0,0,0,0,0,0,0,0,0,0,0
ipip_master_ar,IPIP Master Item Pool — AR,1903,0,,48,113,95,48,48,113,284,350,351,287,478,193,113,48,236,113,297,287,218,116,95,48,95,1469,1095,834
ipip_master_da,IPIP Master Item Pool — DA,1903,0,,48,113,95,48,48,113,284,350,351,287,478,193,113,48,236,113,297,287,218,116,95,48,95,1469,1095,834
ipip_master_de,IPIP Master Item Pool — DE,1903,0,,48,113,95,48,48,113,284,350,351,287,478,193,113,48,236,113,297,287,218,116,95,48,95,1469,1095,834
ipip_master_el,IPIP Master Item Pool — EL,1903,0,,48,113,95,48,48,113,284,350,351,287,478,193,113,48,236,113,297,287,218,116,95,48,95,1469,1095,834
ipip_master_en,IPIP Master Item Pool — EN,1903,0,,48,113,95,48,48,113,284,350,351,287,478,193,113,48,236,113,297,287,218,116,95,48,95,1469,1095,834
ipip_master_es,IPIP Master Item Pool — ES,1903,0,,48,113,95,48,48,113,284,350,351,287,478,193,113,48,236,113,297,287,218,116,95,48,95,1469,1095,834
ipip_master_es_mx,IPIP Master Item Pool — ES_MX,1903,0,,48,113,95,48,48,113,284,350,351,287,478,193,113,48,236,113,297,287,218,116,95,48,95,1469,1095,834
ipip_master_et,IPIP Master Item Pool — ET,1903,0,,48,113,95,48,48,113,284,350,351,287,478,193,113,48,236,113,297,287,218,116,95,48,95,1469,1095,834
ipip_master_fr,IPIP Master Item Pool — FR,1903,0,,48,113,95,48,48,113,284,350,351,287,478,193,113,48,236,113,297,287,218,116,95,48,95,1469,1095,834
ipip_master_he,IPIP Master Item Pool — HE,1903,0,,48,113,95,48,48,113,284,350,351,287,478,193,113,48,236,113,297,287,218,116,95,48,95,1469,1095,834
ipip_master_hr,IPIP Master Item Pool — HR,1903,0,,48,113,95,48,48,113,284,350,351,287,478,193,113,48,236,113,297,287,218,116,95,48,95,1469,1095,834
ipip_master_hu,IPIP Master Item Pool — HU,1903,0,,48,113,95,48,48,113,284,350,351,287,478,193,113,48,236,113,297,287,218,116,95,48,95,1469,1095,834
ipip_master_hy,IPIP Master Item Pool — HY,1903,0,,48,113,95,48,48,113,284,350,351,287,478,193,113,48,236,113,297,287,218,116,95,48,95,1469,1095,834
ipip_master_id,IPIP Master Item Pool — ID,1903,0,,48,113,95,48,48,113,284,350,351,287,478,193,113,48,236,113,297,287,218,116,95,48,95,1469,1095,834
ipip_master_is,IPIP Master Item Pool — IS,1903,0,,48,113,95,48,48,113,284,350,351,287,478,193,113,48,236,113,297,287,218,116,95,48,95,1469,1095,834
ipip_master_it,IPIP Master Item Pool — IT,1903,0,,48,113,95,48,48,113,284,350,351,287,478,193,113,48,236,113,297,287,218,116,95,48,95,1469,1095,834
ipip_master_ja,IPIP Master Item Pool — JA,1903,0,,48,113,95,48,48,113,284,350,351,287,478,193,113,48,236,113,297,287,218,116,95,48,95,1469,1095,834
ipip_master_ko,IPIP Master Item Pool — KO,1903,0,,48,113,95,48,48,113,284,350,351,287,478,193,113,48,236,113,297,287,218,116,95,48,95,1469,1095,834
ipip_master_mk,IPIP Master Item Pool — MK,1903,0,,48,113,95,48,48,113,284,350,351,287,478,193,113,48,236,113,297,287,218,116,95,48,95,1469,1095,834
ipip_master_nl,IPIP Master Item Pool — NL,1903,0,,48,113,95,48,48,113,284,350,351,287,478,193,113,48,236,113,297,287,218,116,95,48,95,1469,1095,834
ipip_master_pt,IPIP Master Item Pool — PT,1903,0,,48,113,95,48,48,113,284,350,351,287,478,193,113,48,236,113,297,287,218,116,95,48,95,1469,1095,834
ipip_master_ru,IPIP Master Item Pool — RU,1903,0,,48,113,95,48,48,113,284,350,351,287,478,193,113,48,236,113,297,287,218,116,95,48,95,1469,1095,834
ipip_master_sl,IPIP Master Item Pool — SL,1903,0,,48,113,95,48,48,113,284,350,351,287,478,193,113,48,236,113,297,287,218,116,95,48,95,1469,1095,834
ipip_master_sr,IPIP Master Item Pool — SR,1903,0,,48,113,95,48,48,113,284,350,351,287,478,193,113,48,236,113,297,287,218,116,95,48,95,1469,1095,834
ipip_master_sv,IPIP Master Item Pool — SV,1903,0,,48,113,95,48,48,113,284,350,351,287,478,193,113,48,236,113,297,287,218,116,95,48,95,1469,1095,834
ipip_master_tr,IPIP Master Item Pool — TR,1903,0,,48,113,95,48,48,113,284,350,351,287,478,193,113,48,236,113,297,287,218,116,95,48,95,1469,1095,834
